	0	1	2	3	4	5	6	7	8	9	10	11	12	13	14	15	16	17	18	19	20	21	22	23	24	25	26	27	28	29	30	31	32	33	34	35	36	37	38	39	40	41	42	43	44	45	46	47	48	49	50	51	52	53	54	55	56	57	58	59	60	61	62	63	64	65	66	67	68	69	70	71	72	73	74	75	76	77	78	79	80	81	82	83	84	85	86	87	88	89	90	91	92	93	94	95	96	97	98	99	100	101	102	103	104	105	106	107	108	109	110	111	112	113	114	115	116	117	118	119	120	121	122	123
	M	V	N	S	S	A	S	A	D	K	P	L	S	N	M	K	I	L	T	L	G	K	L	S	R	N	K	D	E	V	K	A	M	I	E	K	L	G	G	K	L	T	G	T	A	N	K	A	S	L	C	I	S	T	K	K	E	V	E	K	M	N	K	K	M	E	E	V	K	E	A	N	I	R	V	V	S	E	D	F	L	Q	D	V	S	A	S	T	K	S	L	Q	E	L	F	L	A	H	I	L	S	P	W	G	A	E	V	K	A	E	P	V	E	V	V	A	P	T	S	H	H	H	H	H
+	192	0	0	37	0	1	0	0	0	0	0	0	0	0	0	0	0	0	1	0	0	0	0	3	0	0	0	0	0	3	4	1	0	4	0	0	0	541	6	0	0	7	0	0	0	2	0	1	2	1	1	0	0	1	773	5	0	2	77	0	2	252	276	202	366	67	27	5	1	0	0	1	0	0	0	1	0	0	0	0	1	1	0	0	0	0	0	0	0	0	0	0	0	2	0	0	0	0	0	0	4	21	178	1	2	0	0	0	0	0	0	0	0	0	0	1	8	0	29	236	381	643	484	675
*	0	0	0	0	0	0	101	0	0	32	0	240	0	0	0	386	0	0	0	0	2	258	2	0	0	0	212	0	139	0	267	0	0	0	403	77	0	5	0	226	140	0	0	0	0	0	109	0	0	0	1444	0	0	0	378	308	347	0	136	225	0	0	74	120	9	455	29	1	86	33	0	0	0	244	0	0	0	95	0	0	0	316	0	0	2	0	2	0	117	0	0	407	764	99	0	83	0	0	0	41	0	0	303	0	0	264	0	75	0	324	0	0	31	0	0	0	0	0	0	0	0	0	0	0
A	0	577	0	17	8	2334437	11	2334407	10	0	71	0	8	0	0	0	0	0	438	0	150	0	0	438	0	2	0	34	224	1873	0	4577886	1	0	62	0	0	93	2797	0	0	1411	55	1381	2343665	0	0	2352141	160	2	0	0	0	1237	0	0	56	1224	52	0	0	0	0	0	0	1459	21	368	0	53	1523978	0	0	0	415	695	1016	643	29	0	0	0	43	1179	52	2981503	80	1541	0	0	0	0	726	0	0	0	3011840	0	0	0	96	2377	0	22	1517901	530	619	0	1515940	139	224	365	222	163	1214	1515585	29	287	0	0	0	0	0	0
C	0	0	0	33	18	0	0	0	0	0	0	0	36	0	0	0	0	0	0	0	0	0	0	122	0	0	0	0	0	0	0	0	0	0	0	0	0	1	0	0	0	0	0	0	0	0	0	0	70	0	3873722	8	1278	0	0	0	0	0	0	0	0	0	0	0	0	0	0	0	0	0	0	0	0	0	0	0	2067	0	0	19	0	0	1	0	54	0	49	0	0	847	0	0	0	1	385	0	0	2	0	0	122	0	809	0	0	0	0	0	0	0	0	0	0	0	0	0	0	0	48	0	0	0	0	0
E	0	137	0	0	0	0	0	66	41	347	0	0	0	0	2	1713	0	0	0	0	683	2874	0	0	0	3	1731	1042	4586259	334	2134	8	0	0	4588105	1943	0	8698	1031	6002	0	0	1029	0	0	0	1729	0	0	0	0	0	0	0	885	1688	3875489	736	3873077	1130	0	0	799	924	109	3866361	1522517	82	159	1523744	0	0	0	0	0	241	0	2884370	286	0	0	1050	78	0	0	2	0	0	5757	0	0	43	3017007	0	0	0	349	0	0	0	0	0	0	903	151	1515416	154	2999	23	1518497	0	0	1518082	0	1519	1	0	0	0	0	0	0	0	0
D	0	0	306	0	0	46	0	0	2334876	0	0	0	0	765	0	0	0	0	0	0	2	0	0	0	0	1456	0	4588964	1582	0	5	3143	0	6	3711	2	0	0	0	0	0	0	0	0	192	850	0	54	0	0	0	1	1	1	0	0	3628	0	3941	0	0	477	0	4	0	1408	2636	0	0	1406	166	442	0	0	73	0	0	860	2886033	0	0	0	2920275	62	0	788	0	0	0	2	0	0	305	0	0	0	0	40	0	0	0	0	0	0	0	1826	0	0	0	537	0	905	640	684	0	38	0	1	0	42	36	31	26	19
G	0	155	0	0	0	27	0	86	793	0	0	0	0	0	0	1	0	0	0	0	4501166	1	0	1	140	0	0	1066	3248	1085	0	303	0	1	2284	1	2	4657059	4670301	9	66	0	2355421	0	367	0	1	26	1	0	126	0	1300	0	0	2	1716	503	1897	3	0	0	0	0	23	3389	699	23	1	443	398	0	0	36	6	94	1	706	1067	0	0	0	1829	20	0	59	0	0	0	849	0	0	805	2	4	5	979	0	0	11	1	0	64	1517911	29	804	46	0	52	344	0	145	1138	853	4	792	0	0	205	0	0	0	0	0
F	0	0	0	104	337	0	0	0	0	0	0	1218	1214	0	0	0	551	0	0	4095	0	0	0	3430	0	0	0	0	0	0	0	0	0	3753	0	0	3536	0	0	0	1439	0	0	0	0	0	0	0	339	1	186	306	0	5	0	0	0	0	0	0	0	0	0	0	0	0	0	0	0	0	0	0	55	0	44	0	463	0	0	2891021	415	0	0	780	2538	0	2275	2	0	0	171	0	0	1246	3017814	1236	0	5	865	221	2012	0	0	0	0	0	0	0	0	0	0	42	0	930	0	0	0	0	0	0	0	0	0	0
I	2756	1	144	0	0	0	1	0	0	1	0	1684	0	361	1009	0	2343705	1	5926	5057	0	0	0	0	0	740	0	0	0	0	0	0	2450	4586802	0	1371	481	0	0	0	0	9	0	1	0	1488	0	0	0	0	0	3877518	1382	2189	446	0	0	1	0	0	709	884	0	0	1016	0	0	152	0	0	0	175	1525952	0	1742	0	0	0	0	782	160	0	0	1777	2	3	0	4782	0	482	2570	0	0	0	280	3373	0	0	1521020	321	2	0	0	0	0	0	0	1	1	0	0	879	0	459	0	1	0	1018	16	0	0	0	0	1
H	0	0	113	1	0	0	0	0	500	0	0	0	0	23	0	0	0	0	0	1217	0	0	0	6	2	39	0	60	0	0	0	0	0	0	2	0	4072	0	0	0	0	0	0	0	0	11	1	0	0	1	0	0	0	0	2	0	0	0	0	0	0	654	0	0	0	0	0	0	0	0	0	279	0	1	0	0	0	0	67	0	613	4852	33	0	0	0	1	5	0	0	985	4300	0	0	0	0	0	3022093	0	0	1	1365	0	0	0	0	0	0	0	0	1158	0	0	0	0	0	2	0	0	1520080	1520284	1520260	1520350	1519501
K	97	0	72	0	0	0	0	0	0	2336333	0	0	0	394	1691	2332084	0	5	0	0	0	4494966	0	0	0	3853	4585825	0	1434	6	4583805	0	3480	1	2361	4589412	0	0	0	4650428	0	310	0	50	0	58	2346911	0	0	0	0	0	2	0	3877323	3864904	677	0	1573	3853806	786	931	3878378	3877755	370	336	458	0	1525568	1132	0	403	0	0	0	1	0	728	0	0	0	3625	0	0	0	0	0	18	2999557	0	0	49	816	0	0	0	0	3	0	0	0	0	0	1	0	934	0	1515161	1	216	0	0	123	0	0	0	0	2	0	0	0	0	0	0
M	2335211	4685	0	0	0	0	0	0	0	976	0	0	0	0	2330554	2094	26	4107	0	0	0	3213	96	0	0	0	1962	0	0	7189	1376	0	4582280	107	0	0	0	0	0	2097	715	7007	0	4012	0	0	3115	0	0	3192	0	2540	0	0	0	2472	0	5215	0	4841	3878125	0	773	281	3877838	4	0	3	239	0	0	0	20	0	0	4937	1	0	0	0	0	0	0	0	0	0	0	1	2524	0	1	0	0	686	0	2	2	0	19	485	0	0	0	0	0	0	1448	1052	0	0	0	0	0	0	1197	0	0	0	0	0	0	0	0	0
L	131	315	0	0	0	0	1568	0	0	0	1524	2335155	0	0	1086	0	90	4355611	0	4463969	0	2	4503075	0	3641	0	0	0	0	2068	0	0	353	26	0	0	4619023	1	0	0	4652218	0	0	0	0	0	0	1	0	3865508	44	324	2	0	0	0	0	1877	0	0	515	0	0	0	881	0	0	139	0	0	0	0	5	2028	490	1041	1	5	0	1694	2902907	282	0	28	3	1	7	0	0	0	3012926	2486	0	3020945	5585	3023194	4	1442	8	1517985	1	2401	1210	1	0	0	1157	0	1	0	529	94	0	7	135	0	538	0	0	79	70	85	98	58
N	0	0	2337628	0	0	0	0	0	108	183	0	0	0	2334220	0	578	88	0	1083	0	0	2847	0	1	0	4584217	3415	1063	0	0	4279	2	0	1513	0	4127	0	0	0	1363	0	0	0	0	0	2351947	960	0	0	0	2	342	2796	774	1310	2137	1	0	1	1119	0	3877616	1276	1380	0	2	1	0	151	1	0	1524321	134	0	0	0	0	0	340	0	0	0	1280	0	0	0	0	282	3264	4421	0	0	0	0	0	0	0	65	66	0	0	0	0	0	0	0	0	1067	0	0	1	0	0	0	0	0	0	3061	167	375	125	126	117	122
Q	0	0	0	0	0	0	1	0	0	10	169	0	0	0	0	35	0	523	0	0	0	53	1433	0	2287	0	62	0	82	0	35	0	0	0	98	57	0	3	0	65	0	0	0	0	0	0	242	0	0	657	0	0	0	0	1204	1998	47	0	103	496	0	0	31	59	0	63	441	0	90	31	0	0	0	721	0	0	0	69	0	0	0	2906464	0	0	0	0	0	0	173	0	0	3014124	26	0	0	0	0	384	0	0	0	0	0	0	0	132	0	11	0	27	0	0	23	0	0	0	692	0	0	143	103	132	134	159
P	0	0	1	831	222	99	1918	58	0	0	2335656	0	627	2	0	0	0	1815	337	621	0	0	1520	733	2329	0	0	0	0	0	1	1901	1	0	0	7	696	0	0	6	0	27	0	11	981	0	0	32	418	3321	21	3	0	340	13	3	0	0	0	0	0	0	0	0	0	0	0	0	0	0	135	0	0	10	0	0	393	0	0	0	1137	37	0	0	2760	299	834	96	1	0	463	33	0	0	0	0	41	60	0	1	377	1513969	0	0	465	0	0	1	48	0	1517542	0	0	0	0	36	1518436	906	0	17	9	24	16	12
S	0	0	250	2337043	2337539	81	2334209	277	0	0	880	267	2335241	2451	0	0	6	0	969	3	5	5	0	4528835	0	2791	2	0	0	3	2	120	1	421	0	0	1	1	0	2	2656	374	0	131	1979	301	0	44	2354141	3	2801	117	3874542	1570	1	1	0	1	0	1	0	728	0	0	0	0	0	0	0	0	367	818	0	1	0	0	2876612	0	2	479	0	0	0	0	2969361	377	2999499	1478	0	3006388	0	2	0	1555	1429	1399	3325	0	124	855	1517482	900	32	0	841	0	0	0	257	0	1449	0	0	0	0	787	394	162	1520103	1	1	0	0	3
R	15	0	0	0	0	0	0	0	0	604	30	0	0	3	19	736	0	181	0	1328	1400	1220	500	0	4584038	0	870	0	0	2	1986	0	536	7	0	1873	1158	3194	669	3144	0	273	3368	1008	0	0	2247	0	8	286	764	0	574	0	655	8487	1	0	0	19955	730	0	573	1573	614	2	0	1	452	1	0	0	0	1523952	0	0	0	0	0	0	23	2126	0	0	0	1	0	0	2812	1562	164	2311	0	0	2	0	0	854	0	0	0	77	3194	749	0	0	0	705	0	0	19	0	2	0	0	0	72	0	561	223	232	279	129	120
T	228	1	35	104	102	1494	949	1076	0	272	428	0	340	68	3213	1322	235	0	4359210	0	0	57	0	1984	0	915	130	0	0	2	392	7301	3524	1646	0	72	0	0	0	61	0	4645547	0	2349216	4649	10	27	1649	148	1	0	611	393	3876155	54	235	0	2	0	662	969	243	335	140	569	0	0	0	189	0	859	279	247	0	1	3	660	0	0	0	0	0	0	0	2117	8774	1112	3005940	631	40	0	0	0	0	0	0	1412	0	189	0	782	44	0	0	1219	0	0	58	3098	0	208	0	0	0	0	776	967	1515692	30	0	0	1	2	1
W	0	0	0	0	0	0	0	0	0	0	0	0	0	0	0	0	0	0	0	0	1946	0	0	0	2323	0	0	0	0	0	0	0	0	0	0	0	0	1561	958	0	433	0	297	0	0	0	0	0	0	2	167	0	0	0	0	4	0	0	0	0	0	0	0	1	2	1	0	0	0	0	0	0	0	0	0	0	0	4	0	0	0	0	0	0	0	0	0	0	0	0	0	0	0	295	0	0	0	0	0	240	0	0	1515518	486	0	0	0	0	0	0	0	0	0	0	0	0	0	0	0	0	0	0	0	0
V	291	2332858	0	0	0	2545	0	2788	1163	0	0	194	0	0	1204	2	1030	337	0	46	931	4	307	18	0	0	0	255	527	4581171	0	3403	1622	1725	1576	0	2987	792	445	3	207	0	1410	0	3608	0	0	1394	1	513	5	490	0	0	0	0	277	3872680	1459	1	405	0	0	0	459	233	654	1526173	0	88	1029	0	523	0	1524275	2866392	0	427	1298	26	305	0	2849	2933112	0	7483	1	2	0	0	24	0	3551	33	301	248	13302	0	289	1167	0	2	0	1057	524	1224	1517706	0	1709	1046	0	1518700	869	1518034	1517061	3114	0	1	0	0	0	0	0	0
Y	0	0	180	596	503	0	0	0	1267	0	0	0	1292	471	0	0	0	0	0	0	0	0	0	2839	0	352	0	604	0	0	0	0	0	13	1	0	0	0	0	0	0	0	0	0	0	692	0	0	84	0	1967	0	0	0	0	0	0	0	0	0	0	706	0	0	0	0	0	0	0	0	0	215	0	0	0	0	1164	0	191	180	0	0	481	0	128	0	1435	0	0	0	0	0	0	0	530	0	0	5974	0	0	268	0	1	0	0	0	0	0	0	0	0	0	0	0	0	0	0	0	0	170	270	190	231	210
X	0	0	0	0	0	0	0	0	0	0	0	0	0	0	0	0	0	0	0	0	0	0	0	0	0	0	0	0	0	0	0	0	0	0	0	0	0	0	0	0	0	0	0	0	0	0	0	0	0	0	0	0	0	0	0	0	0	0	0	0	0	0	0	0	0	0	0	0	0	0	0	0	0	0	0	0	0	0	0	0	0	0	0	0	0	0	0	0	0	0	0	0	0	0	0	0	0	0	0	0	0	0	0	0	0	0	0	0	0	0	0	0	0	0	0	0	0	0	0	0	0	0	0	0
^	331	230	2	38	3	22	12	4	3	79	13	97	550	22	3	35	16	14	3	9	264	30	4	92	18	58	73	2	34	25	206	49	15	26	63	1047	29	5119	0	299	70	343	0	29	139	15	22	18	28	15	1	5	0	24	3161	9	14	145	2177	5	2	921	10930	8250	8552	10	8	185	9	1	23	5	6	9	5	6	14	33	3	15	66	6	1	1	44	26	79	46	29	0	139	33	5	20	19	269	6	3	2	29	243	21	1378	0	13	7	5	101	10	0	7	4	18	9	26	129	1	3	3	378	3098	4418	3534	1884